IW,IF,VW,FP,Depth,Width
47,140,5.108086626184859,80,1.6718558165426272,2.51955315531602
45,146,9.227785826146976,61,1.2890386564741179,1.861417889689804
44,146,8.94225816391907,61,1.4383720232712969,1.7977731955736282
45,146,9.003111460886068,60,1.124221979561409,1.8128062319297555
44,140,8.993846589705283,80,1.047463447061015,1.8964493194680998
47,140,9.087265581793272,80,0.9179208810002801,1.7812936626956324
45,140,9.26251344938964,81,1.0638059952399186,2.4030682367671687
47,140,10.474613527679423,81,1.2793705461476927,1.8013444050243377
45,145,9.146860175177087,60,1.20990080135074,1.7789089712899708
43,145,8.735777821581628,59,1.1542438921837215,1.7089994664713228
45,145,8.893536078863718,58,1.1553703451803234,1.7761517368682915
45,146,9.545744112193907,59,1.1953867024864833,1.776825961235756
43,146,8.888379833593678,60,1.187436333661526,1.8723616370744713
44,146,9.980277985982786,59,1.2731188696418216,1.7631530969133524
46,140,5.070919461881532,81,1.37004958155395,2.4917948288972482
44,141,9.70118761571283,81,1.2688599358814603,1.9398401142825221
44,145,8.604974256559174,60,1.2366239864635638,1.8999226178142388
46,139,4.5,80,1.360808292696059,2.4043503634291463
46,141,9.921498440863163,79,1.235887033708317,1.7529860936794708
46,140,5.116768930193599,81,1.6038999268414207,2.513168046524127
45,146,9.233309471845688,58,1.185171701470348,1.7868213299107156
44,146,9.635690555520995,58,1.186130746437073,1.793161710033812
48,140,4.5,80,1.2886616872937282,2.4753049955853044
44,146,8.64401893958293,61,1.1947487639219063,1.7525392069146972
45,141,9.443703470660203,80,1.2671508288097026,1.8544625795157608
46,146,9.918915123899321,115,1.048344417168661,1.7542436876486875
47,140,4.5,80,1.3525203999411568,2.6
44,146,8.425358356258247,60,1.1928123338250918,1.7918292533116014
47,140,9.282839349474385,81,1.2207883707208869,2.49903175995629
43,146,8.68415958931044,60,1.2501048106817765,1.7408826952351626
48,133,10.002193067217382,114,0.9938812573363582,1.808568538083637
43,146,9.049600873467021,59,1.272370252184033,1.894978830283604
46,133,10.512321551022374,124,0.9854324566497231,1.9355833084852965
46,141,9.003554212146412,79,1.0752909768259198,1.7719434240489296
47,133,9.851403135540684,125,0.8,1.6914113738263616
48,140,4.799513095135339,80,1.6423348600147958,2.442029585790417
46,140,9.130633644775315,79,1.5163488516510037,1.8503005525743554
43,146,9.244031410495113,62,1.2542580234125686,1.8350435248308008
45,140,9.713968455903903,81,0.9622129488653591,1.8458640916474747
44,140,8.864838224720495,80,1.2355404827809593,1.8883047906165793
44,146,9.532767184432158,60,1.1438094760626594,1.8237930758474497
44,146,8.939920143759757,59,1.1889103521130235,1.8471099664691688
47,140,9.402607912252371,80,1.1688066508577764,1.8401831036795766
48,139,4.916571315854168,81,1.6531145610694948,2.3714741837429685
46,140,4.825208237232799,80,1.5450561955656719,2.5475762220191602
44,140,9.582759215886087,80,1.1882873916132917,1.8461780304957216
47,140,9.662028703510328,82,1.0625437957428132,1.919681424602463
44,141,10.121243861383789,80,0.8631034961637521,1.8498803283003176
45,140,9.188379358182855,80,1.1353909694195032,1.9111956484334789
44,145,9.398496350191902,60,1.1593008941151677,1.793100273640135
45,147,9.594209323897656,60,1.299773090791085,1.8310266079571162
45,140,9.49841168867949,80,0.8509813160520576,1.940857806872464
44,145,9.489889745068824,59,1.33221017256374,1.8052058717209623
45,140,9.291826984006084,80,1.154869916515314,1.8764665968749696
45,146,9.00106759863137,61,1.1321967710544294,1.7815945665387138
44,146,9.46379047168711,60,1.0599651836810324,1.8455256869487677
47,140,10.356936070929466,81,1.2147282143550815,1.7188663709124672
45,132,8.690572945483309,122,0.9402237289313684,1.8374171187840695
47,141,10.12672972228371,80,1.2618652990173995,1.8586869339934842
47,141,8.619637665502717,80,1.2141397935279208,1.9138169611093967
47,145,9.470633575263884,59,1.1360995502588462,1.747680047694606
47,148,10.265095021170046,58,0.9260199479612249,1.7913354731795939
44,145,9.051248862147899,61,1.3166058114449841,1.7298982079724567
45,146,8.798362207749122,60,1.0186852629557432,1.7002076175566652
48,133,9.884102814814186,109,1.1372242675060553,2.005335192540462
47,139,4.5,81,1.76,2.440396772810488
47,140,10.426543233640421,80,0.9370803710641881,1.7964838551146827
45,146,9.19760341526594,61,1.5410698749536864,1.8633347697805092
44,146,9.492053314467892,61,1.2832145823954222,1.7825319284405885
47,140,9.927529264376039,121,1.0147817425022558,2.222122557640657
44,146,8.672571057986978,61,1.3081601655226345,1.8557981595077169
47,145,8.746667756518306,59,1.3239993733123758,1.8270967209873454
45,140,8.612951503121254,81,1.1085909270600427,1.8618055397812372
48,141,9.735897821890244,80,1.0098074130191648,1.8559643536458919
44,147,9.513960459708066,59,1.2284547604480913,1.8232857685251305
44,140,5.574380018554878,80,1.76,2.4507213491375017
44,140,8.249594551834646,61,1.2266720789921126,1.8323987952863194
43,148,9.268964901688618,59,1.1682693050856312,1.84898051863356
48,133,9.223413098672788,123,0.995898757574828,2.4436917942148444
45,141,9.612221288174561,80,1.1688497632970394,1.8418802162951
46,139,4.9074078978378495,79,1.5589908313651708,2.36596939578072
45,140,9.695460767555073,80,1.1017948236502708,1.8459799673395987
47,140,9.241747012672265,81,0.9081977571908535,1.8365777175980251
44,146,8.659489707829852,60,1.1868825116875523,1.8093918374524642
44,146,9.20373507338042,59,1.2580258725664006,1.7676287850789254
46,146,9.339190059998172,59,1.457710562731703,1.799317613262851
43,146,9.400990326139816,60,1.2511089640302078,1.790659774532895
44,141,10.16909158270189,81,1.2676218706062938,1.8699450486296396
45,139,5.065024078874888,79,1.3250602255608963,2.409220212956608
47,139,5.097583424724779,81,1.7244289531226273,2.3925278108427332
47,141,4.515658929193737,80,1.76,2.386450509058592
46,140,9.677580075633005,80,1.2474047191055402,1.8016780912230643
43,146,9.336433618367975,61,1.1943622348485565,1.722437867632503
45,140,8.694847005109787,80,1.472190264140221,1.7701939680319638
46,140,10.006035529627352,80,1.2430529514157709,1.829089869225118
48,134,9.260926109824066,120,0.9176898514901195,1.7971584888627656
48,133,9.270445852096756,125,0.8997368049191463,2.225215094571768
43,146,8.94027397033473,62,1.184202598673738,1.77145829344044
46,146,9.301966409705503,60,1.2108435992082864,1.840929019765223
44,146,9.220538454970123,59,1.3321553497651808,1.854602490967036
47,141,12.0,80,0.9214434371631572,1.7171978704755912
47,140,5.258196169762337,80,1.3147286829340665,2.3583840607808018
48,139,4.5,80,1.3075010005884584,2.495927950479036
46,134,10.512795489614573,111,1.0115226280492695,1.8425816377467297
44,146,9.24209556251357,60,1.1499756537688868,1.8094765600514786
44,147,9.49191799084518,59,1.2496733860677844,1.909582913786285
44,140,8.758674409738456,80,1.2117430152866313,1.9104366822807868
45,140,9.033024831917245,80,1.1735680395859274,1.8403620605194453
45,140,9.385921316242852,80,1.1518717554524789,1.8179379577052284
44,146,8.916662099366944,60,1.269231948584444,1.7957077741657563
48,140,9.364109021806575,81,1.0003084059270142,2.295013316677909
46,147,9.369540160292654,60,1.2183368812931292,1.8740063695595444
45,140,8.738305587339067,80,1.262809109605799,1.8376152222627367
43,146,9.40589058694626,59,1.2403966029795814,1.6857557639678178
45,140,5.446659285292411,81,1.294099293253173,2.336248774457781
48,140,4.548977766650616,80,1.2977908809007486,2.344546364613066
44,146,9.02164666594017,61,1.1228594693449105,1.7588924368156253
49,140,9.393972028460558,80,1.1568637282047893,2.4126541975005193
46,140,8.596026642443636,81,1.3191246006531805,1.9213075306852065
46,140,4.5,80,1.2614312908296945,1.8025885325643682
44,140,4.5,81,1.1087672360529242,2.50949187652121
45,140,9.318935361251661,80,1.023341723695116,1.7602262234749637
45,146,8.93968182920157,62,1.2404753715931565,1.850691786877671
45,145,9.211828107369659,60,1.2152021258964767,1.8413099601755776
47,140,4.74395530969419,80,1.334198451362452,2.2110552772277856
45,147,8.73972800166534,57,1.162693954190838,1.7941251551667332
45,145,8.476678542096316,60,1.2686634847441358,2.466917463883384
44,147,9.622713040899692,60,1.3190286230665864,1.8502649408985736
44,140,7.887074719906776,80,1.2041365691983363,1.985997182082258
47,131,8.223384556080724,118,1.0660243298989354,1.8376879996765667
45,147,8.689938256603085,59,1.268853112103701,1.8567720092538185
44,146,9.335704673183612,59,1.2634521380260906,1.8080030395397386
45,146,8.811563265155376,59,1.2689113108930954,1.7661361516412872
48,132,9.20589155964943,122,0.9077456161492532,2.316879709078664
47,141,10.0716183645822,81,1.2174952087107054,1.7475883444235356
44,147,9.613367698705895,59,1.311286087349744,1.884179589151602
48,132,9.05279117237425,125,0.959616954226276,2.101329655490206
47,140,9.711035347009018,81,1.2396447671592359,1.9421037135333423
44,140,9.546602388533719,80,1.3237011279681075,1.8531893613035406
47,140,4.931240643405613,82,1.239373067564152,2.4276519640065892
44,146,9.042199934918479,62,0.9546490425050351,1.7084731994252946
45,132,8.259832963758118,123,0.900167835524665,2.2730434162662
43,146,8.799551348793514,60,1.196251067850727,1.8271145218553329
44,146,8.328499082647458,59,1.177884186982664,1.8257756224895987
43,145,8.410950703545831,60,1.2894404297111577,1.7603868162569234
47,140,4.5,80,1.5636992921737631,2.416583598880418
43,146,8.500752605454629,60,1.199694418275771,1.7771108704947962
46,133,8.774188360293108,61,1.3019252241271866,2.5454365053235293
47,134,8.548499265959041,122,0.9583885148838893,2.3788947405897702
47,140,9.258444667770226,81,0.9883355746525885,1.8711039545305164
44,140,9.011127012736733,79,1.1788861547745235,1.887915485398623
47,139,4.5,120,0.8768349654627002,2.45888967175903
45,147,9.895627033071953,58,1.1929693017924152,1.8278899569189437
45,141,9.621053227437747,81,0.9402146671940534,1.825504151884021
46,140,8.415592729558318,80,1.178911115525951,1.9284033614195388
45,140,9.604935837462618,81,1.531634945655507,1.8127819085547783
46,134,10.399671055229675,81,1.0134178122181543,1.7613531502889073
46,140,10.822082448631297,81,1.3596998364098218,1.7745215945877173
47,141,11.387659393635746,80,1.1793361642128932,1.7803859894337413
44,146,8.991104408073618,59,1.2375623741278896,1.7843300950605523
44,140,4.5,80,1.5347327676145481,2.459351866922894
44,146,9.498054586321556,60,1.286032950552371,1.8766762672999875
47,141,10.889157009571685,80,1.2657237529906342,1.8489844060212641
48,133,9.035239146500004,120,1.015613561051852,2.1658652623243215
46,141,9.633686841013235,80,0.8749548755543383,1.7629136378631394
45,140,9.800310694278892,81,0.9676245363215263,1.8119362529135215
44,140,8.890012090005525,80,1.6911942487225913,1.9635884913034176
46,132,8.708534311058642,80,1.1902003314151044,2.387380664132188
48,139,4.766488705930499,80,1.76,2.538372903630733
44,147,8.801771119664014,57,1.2067387241001557,1.7192548577693454
43,146,8.929572645016089,61,1.2152190052285639,1.8000344309783476
45,133,9.549903465544427,121,0.9680636622334501,1.7571743002653717
45,140,4.5,80,1.5292042559139962,2.6
43,146,8.385668128796988,59,1.2300793280522027,1.7474833130137135
48,141,9.696738660959287,80,1.2080619267507011,1.807484028419443
48,132,8.928459691781963,120,0.8,2.2006142136579263
44,146,8.570725265786972,61,1.3618034700486779,1.8293915484652736
47,133,8.605976016745503,124,0.9109415668917874,2.396173610486982
45,146,8.687481162497985,60,1.1673906688046414,1.7661340847020484
45,145,9.020949633193958,59,1.1538711190468953,1.7678490155287296
44,147,9.449771155485376,59,1.2043936112971747,1.7885995599041054
44,141,9.130714074790744,80,1.1653774194142195,1.7901925280283137
44,146,9.635453157654492,60,1.3028754276232966,1.832512485334091
48,146,10.282863249741514,58,1.109367262638293,1.68
47,140,4.5,81,1.3117502978829207,2.483214746736105
47,140,9.936270055356957,80,1.2497285948378012,1.840095506781645
45,146,9.315182634127767,61,1.3115099624832196,1.7254042248672925
47,146,9.495003868404387,60,1.1130710397526198,2.215512848921659
47,132,10.274035100186024,122,0.8738751543308373,1.7792813064259603
46,140,7.964850094900319,81,1.2076261845499374,2.533587339405317
47,133,9.520200735753132,118,1.0391299451797285,1.9824867945779192
44,140,9.399493781436455,81,1.0852230448379747,1.8927978795755622
45,145,8.768150771804734,61,1.202942318404551,1.8345772603914852
47,133,10.072691637150436,80,1.0685560352923225,1.8473824371199823
45,140,9.286537241322964,79,1.1961973438938618,1.8566586798219944
44,146,9.220275037338519,60,1.1472601225545112,1.8706825769553934
47,141,11.775250032708406,80,1.1943611984365654,1.753715827067541
44,141,9.647378394607191,80,1.2490051450384037,1.8639371015588009
47,140,9.442330878178229,80,1.3183971400813461,1.799142641963066
46,132,9.225630806457378,122,0.9694293202389654,1.844666241009321
45,141,9.883162572815067,80,1.1788833494756044,1.7290638268929288
45,139,5.274646851894257,80,1.3423660849316976,2.5741362940727885
47,140,10.259749650211846,80,1.2316081715141052,1.8264027964241265
47,139,4.5,80,1.2645000090275806,2.5297779255722577
46,141,9.565861483414917,80,0.9874218442486323,1.7616413164127152
47,133,8.44019815958711,120,0.9078144363086396,2.4233178216386007
47,140,10.172684273884625,80,1.188703192867227,1.8372371853829188
46,135,10.676991790449724,81,0.9697184649533596,1.7947861514658248
44,145,9.639100200816449,59,1.209007516374653,1.8863285308246664
44,146,8.772652533386575,61,1.138820944473965,1.7436838179345977
46,141,4.5,80,1.615092592049536,1.913624481037919
44,146,8.997804748046821,60,1.200405205172105,1.866485406549062
48,141,9.279329138859838,82,0.9291180626017967,1.9254018697040636
44,140,9.144739639795592,80,1.304041713368974,1.7964095425371687
45,146,9.095722824546185,59,1.0785009916373034,1.8400685704398918
45,146,8.957368335715062,59,1.1452480868636141,1.730002595593464
44,140,8.883503318346225,81,1.2480928020484887,1.9341052740740698
44,140,8.78515721354215,81,0.9644705278934798,1.964930665841726
45,141,9.742273401370044,81,0.8820704844829628,1.7423626095443938
47,140,9.264821065954896,80,1.3232783581349254,1.8248305118853998
48,131,4.5,122,1.0847459471025491,2.472141196132951
46,141,9.586486875092906,80,1.0488924587032684,1.8880325507658653
44,142,9.56207246427906,80,1.1181399212211445,1.802292789076214
46,140,5.177527416656857,81,1.5577592114132754,2.4109592410417524
43,147,8.90060523357582,59,1.2930296955488072,1.695137763015905
46,141,10.858484883204719,80,0.9869256948461206,1.8459787865695692
48,145,8.988064831344316,61,1.0102024775351368,1.7332058226743905
43,147,9.448421310975847,58,1.2286231383757031,1.8126699659748453
48,146,9.728570932059338,62,1.2227560645480562,1.7723180556644487
44,148,9.126442135368602,56,1.2907383029755453,1.9214336619855812
45,147,9.067880007233843,62,1.2567835374908611,1.6807092240050026
48,140,9.276192610932812,80,1.0335329941310067,2.4757382540966306
46,140,8.683183583667809,81,1.1897878196967553,1.8400581379363679
45,139,4.5,80,1.6540270778106625,2.6
48,140,9.97618969146876,80,1.2504912422730552,1.8422113668791822
43,146,8.460482866664746,59,1.172766341280932,1.8710846698150494
44,146,9.29952300104541,59,1.27913007859064,1.7760364309152745
45,140,4.5,80,1.2602024293098961,2.5046875047919617
47,134,9.835402474794725,118,0.9658423193213654,1.856585833401256
45,145,9.083177457964705,60,1.3286078154325176,1.7942633836694037
46,146,9.225996305996675,60,1.2890467186395604,1.8316963884034034
44,145,9.531398522169534,59,1.2004220815375957,1.8171177532863665
45,139,8.414455047035638,80,0.9397450879106738,2.517286325590746
44,146,8.893402838883366,61,1.3481921187058814,1.7426240174389434
44,146,9.220762294364429,61,1.3403246996147031,1.8679616046330658
44,145,8.896572352563123,60,1.306181527837233,1.8494430307083929
44,140,5.216155778592613,81,1.30285350408859,2.53968559932668
46,146,9.028804855355412,62,1.2380070379066388,1.7494858540764617
45,145,8.97354208213306,61,1.405202055586353,1.8036842907744606
45,146,9.437742824216537,61,1.158890827971855,1.8853776201934151
46,140,9.40028904526638,82,1.025380911530461,2.424770605214305
49,132,8.007058711113883,121,0.8,2.4275025268049704
46,141,9.710096676544852,81,1.1344610000060165,1.761077527047517
47,146,10.027249629169088,61,1.2169758162418187,1.7346119800296633
48,132,9.229870426073884,125,1.1516840371185681,2.6
44,140,9.640823821610358,80,1.297648592904179,1.895682587409811
45,146,9.173764184911526,59,1.2459074113508777,1.8256825255307851
46,141,10.109901351352484,80,1.2156413930680972,1.8057028975773706
47,132,9.97757641816845,121,0.8,2.183021507500285
47,146,9.609338428195771,60,1.2734809118071164,1.8664217097450746
45,140,9.593707123478922,80,1.13348865685255,1.8257980901081852
43,146,9.166276924555177,59,1.2001296203600673,1.8115305045281294
46,145,9.501430099989674,60,1.2359442065363848,1.760126955842399
48,140,4.5,81,1.0652578540094082,2.345195985757446
43,146,9.169234948996344,59,1.321193998474399,1.762543554732332
44,146,8.917516354138282,60,1.2328779646152428,1.8395491242166695
46,135,8.906849750419507,110,1.0404321630895799,1.796568287803517
44,146,9.001389040223527,60,1.1741086950064732,1.7390259464586832
44,146,8.965805394464699,60,1.2127311816392818,1.7971906965439577
43,146,9.338794411624413,60,1.1800359397749995,1.7436803268561771
45,140,8.842373022402084,80,1.2125341142994803,1.8639610212153013
43,146,8.847964454335841,60,1.278145733068309,1.7870492690340203
47,141,10.22048090157981,80,1.273703896075966,1.7654813668505507
44,140,9.788139169629414,80,1.2549411317585966,1.8073946265132972
47,139,4.5907576714532,80,1.7570643298365132,2.343769553508485
46,146,9.571722048631981,60,1.258934559893016,1.7222036808819625
43,146,8.94034779292425,60,1.2387382170733174,1.7363154212354261
44,147,9.14182485962009,59,1.3178829110803747,1.7967328011376527
45,140,8.986684369836627,80,1.2611647963070352,1.932144338526024
47,133,10.018729946041137,118,1.1430180251942617,1.8672642257221033
45,141,9.432778639211794,79,1.162526683316756,1.8248034887277342
46,132,9.683328941589707,118,0.9170924408345481,1.8591815352145953
47,133,9.957896107101472,121,1.0694220435938995,2.282074933863164
47,140,4.5,80,1.6064707142104622,2.4568915114146335
47,131,9.295674649210877,121,0.9181773426330844,2.345917890664406
44,146,9.392442717464771,61,1.251227368564793,1.8261997307681297
46,140,9.78710280961976,81,1.171898031869987,1.8252153063495913
44,140,9.3484023524909,80,1.2159293222023708,1.7836032586232664
47,139,4.5,80,1.6226181471044667,2.3566688646948704
44,146,9.086242662508548,59,1.2345987416481616,1.7327247944855961
44,140,9.49136948381751,82,1.1345235304860954,1.9335651416164752
47,140,4.642132787208133,80,1.321752839794767,2.4736167559752285
45,146,8.991425097141049,61,1.5242811504811442,1.8582507929815704
45,140,9.498860112503131,80,1.3141292437876717,1.8093376157877281
45,145,8.70158528004365,60,1.2898806588094804,1.8315537648548965
44,146,9.150634207435015,59,1.0684050117616064,1.7598782149741663
48,146,9.47980757920109,62,1.3013933496980645,2.219783098521642
46,146,8.722971141676918,61,1.289408542399571,1.756858050300592
44,146,8.712256716095542,58,1.1883920835395236,1.693682309670974
47,140,4.933674979854673,81,1.6175995713523155,2.3961802561715873
43,146,9.416586785710312,60,1.2383461906451363,1.752479268750769
46,146,9.440431029695668,60,0.9089141218068976,1.7482270475921944
44,147,9.852125625951988,57,0.873535783803757,1.8092020435491643
47,133,9.717768675089632,119,0.9134795904995344,1.8211067475415963
45,147,9.480771470704951,61,1.2553792189220827,1.7641243743560155
48,140,10.253143692336902,80,1.1790229501862104,1.854220693619398
44,140,8.810764127066951,80,1.2189186926593711,1.8653893845876905
44,146,9.317059538483596,59,1.2656605824120948,1.7880035746008884
47,139,4.936512589272298,80,1.3862791789057345,2.5363295080179458
47,141,10.319075647895765,81,0.9661658575975067,1.7931913018732455
47,132,9.622595442533028,122,0.8159394381200389,2.2428384057994517
47,140,4.8799587941145965,80,1.6133974542744864,2.391659720233689
46,134,9.757935334188117,118,1.0352432748714022,1.7845284009529012
46,140,10.166331222350655,79,1.2168356668548503,1.7823646462516456
46,146,9.517139799824074,61,1.223318922284587,1.7940490439279486
43,146,8.384145461080351,58,1.1368068944733136,1.8693141815232033
48,132,10.089818678377396,121,0.8632042368646442,1.7212549386344802
46,133,9.947970405908945,119,0.8796216627374018,1.797348414512732
48,140,9.51407229107101,81,0.8443975075557137,1.7999447886257622
44,145,9.111966747841517,60,1.1468905994290455,1.7644266139352183
47,140,4.501448069864907,80,1.4787711625473603,2.4933495328300572
47,140,4.70104224156002,80,1.299106165224809,2.4749453301336533
45,140,9.107079265259978,81,1.4205878368379674,2.229761842277544
44,140,9.06741824555451,80,1.404569201011722,1.8573661821190979
48,141,10.07730285133099,81,0.9446118572374729,1.9087428185978426
46,146,10.322418088908703,61,1.2611300705621404,1.6902586999290254
46,133,8.81684627671693,121,0.9852614945961955,1.8427232182884663
47,139,4.5,80,1.34776779509409,2.536433316599797
45,135,9.643462238862773,117,1.0076279948329228,1.7463739557155102
47,140,9.050836622700036,79,1.3585530659479468,1.7683841760494399
46,147,9.477901951854125,59,1.246498656626772,1.8156984618872185
44,146,8.773367817638418,59,1.2425770252231423,1.7510521442128941
47,141,9.580033604286202,81,1.1165052764038417,1.8918453280719603
45,140,9.305358795838552,80,1.3046176816541095,1.92647018636032
48,132,9.384128268148913,125,0.9907846293830006,1.8385042978575954
44,146,8.885840783458942,60,1.094620885636057,1.7806093482671725
45,141,9.939121208883414,80,1.0199549030731527,1.8313087860859327
47,146,8.984672868965909,60,0.9934133115913293,1.796795200653125
47,133,9.229984701179058,124,0.9868339423414478,2.361244293744975
49,131,9.483337348940267,121,0.8878331571463518,1.8871292563446902
46,146,8.866676682787872,57,1.02018007584328,1.8462011837440533
44,140,8.396901537493349,80,1.3004117419769556,1.9948106050863939
45,139,9.470638605360016,81,1.2689357966566894,1.8046716235705726
44,146,9.288188425695724,60,1.2409521353752855,1.8098536737458528
44,147,8.992827458885895,62,1.2618115871946323,1.7752408369356474
47,140,9.175646050803243,80,1.1885386658875958,1.75962476178954
46,140,9.99076753194601,81,1.3246348866831512,1.816624040851851
45,140,4.5,81,1.3619976378100414,2.3844641977906575
45,140,9.030656569176887,80,1.306467058063685,1.8755768066333307
44,146,8.888191087940486,59,1.1972528756466543,1.7500408046881568
46,140,4.5,79,1.240773592950889,1.8041893829694329
44,140,8.55437955471811,80,1.0939785511930125,1.875920560062938
47,139,4.5,79,1.2636153230965894,2.4543466698957523
47,131,4.5,122,0.9556012523762207,2.3818285947428803
47,140,9.694005229870013,82,1.2186890759328788,2.3454371851164515
48,145,8.924188036214105,60,1.2553462480765682,2.2433030550599047
48,141,9.621533832488018,80,1.2677488382664142,1.7756217654710464
44,146,9.270630025642873,60,1.2799120556546577,1.8744298111510105
45,146,9.075573589274635,59,1.2764642295044344,1.8386597667226652
44,146,9.379939094091082,59,1.236470297547392,1.7694929981129337
47,134,9.625401128760739,119,1.035832413224815,1.8527538867993187
45,140,8.21174988439613,80,1.0032497265646638,1.9320679284741693
45,140,8.73903597677915,81,1.4602940027678564,1.8092972573186108
45,140,8.709243815824763,81,1.2651817759881219,1.9219098459631816
43,140,4.5,81,1.6156402851123524,2.399213284175431
44,145,9.134751380355171,60,1.202573976305406,1.746463460818006
46,146,10.259420446490669,60,1.2481993975790886,1.7881406337970527
44,146,9.824209038071132,59,1.1904863603389175,1.7539557610534553
46,141,9.048015819972463,80,1.1432150107913526,1.8045393573753525
47,140,9.866011691408975,80,0.8753017346798152,2.321212189773427
44,147,9.517506176308673,60,1.2475903486468514,1.7594695011583308
45,140,8.706071645178463,80,1.1880225995123348,1.9463508050239837
45,140,9.464945449767177,80,1.2296348873384952,1.7978691880899884
45,134,9.988874595654211,80,1.0504561114886164,1.7953140776900665
47,139,5.143993213262257,80,1.7331588214468163,2.6
44,147,9.12247609695793,60,1.145115649709392,1.7780643427987857
48,141,9.61391566496869,80,1.0792109653214252,1.9222160468551857
46,140,5.147685449180166,80,1.663054551820038,2.353370401757268
46,140,10.168075722846426,80,0.9772403466315063,1.8325882512977751
45,140,10.126434050466633,79,1.2275094285557753,1.7152453549192155
44,142,9.142263330604813,77,1.0696542924510268,1.786399133968314
44,146,9.233707472516071,59,1.263705786930728,1.8405728030532822
43,147,9.151449463148648,57,1.0632389694536408,1.8447863090486618
45,140,9.417834313916535,80,1.0338641407130373,1.8732421318555974
43,146,8.835511882052316,60,1.1777159163481232,1.716492224411191
45,145,8.93386753356891,60,1.2520257376188453,1.8342473347696728
46,145,9.367906558222398,58,1.2359214799773655,1.8280722417853785
46,133,9.579456985150044,121,0.9773436651552831,1.8854049510156092
43,146,9.013262531833176,60,1.1855819206972253,1.7873837908662207
45,145,8.922084884647626,61,1.267033662228658,1.8753180911552385
46,147,9.177488361853943,60,1.2797673194110046,1.7801016653800532
45,141,4.5,80,1.5705627899247838,1.8011731894629528
47,141,12.0,80,1.1392249113041437,1.7986803501245043
46,146,9.413216915069292,62,0.8762161653638308,2.195793884550277
43,146,8.869448076527268,58,1.1633193643496766,1.7346118087666542
47,139,4.5,80,1.7143846346690328,2.5278668029171745
46,140,9.041752255818253,80,1.2709517047958079,1.8859266242726302
46,147,10.199272987580358,59,1.2397453479449172,1.7162645016345737
45,148,9.635220789761545,60,1.2345510687627725,1.7413065845256706
45,146,8.972434051420567,59,1.22847049719924,1.68
48,139,4.800582629260991,79,1.7510470125956024,2.6
49,140,11.992444851856469,80,1.2299506040825388,1.8977603185123686
47,140,11.904622338005135,80,0.9887406647301767,1.7972598310038816
45,140,8.230712096314015,80,1.2871367957051754,1.8746913619985368
46,146,9.592935820909505,60,1.3129533898731207,1.7811740015055995
44,146,9.16279357856834,60,1.2486743557596534,1.7950699720529153
46,140,9.192676819600578,61,1.3056277603996647,1.864416611787273
45,140,9.24526855510784,80,1.2016776838011496,1.805244148946768
46,146,9.368799162672552,60,1.1213213953964307,1.7673080186120973
44,140,9.430336321450907,80,1.2864999272777278,1.8573598919720682
44,146,8.640173476314313,60,1.1798580567660815,1.7237834685584452
44,140,9.27669534516483,80,1.4836702629576881,1.8688692917158158
45,140,9.517792002760203,79,1.5782853635640064,1.7701151009886864
44,146,9.815035421046382,59,1.240490297622641,1.8512413295117234
44,146,8.888561145921104,59,1.2433773649856168,1.780826084430528
48,132,8.537728925513328,123,0.8818923119989515,1.822768604580513
44,147,9.297223748015682,58,1.03456429539501,1.8420608955562465
47,139,4.5,80,1.617153474240682,2.4830793618084512
44,146,8.730134546733318,60,1.2156957025064492,1.755668341753654
44,147,8.645498945325173,80,1.4134875444043704,1.8496020479768025
46,141,9.255409155092574,81,1.2681666451352325,1.838462043560924
44,146,8.684799416739482,60,1.2631908530227645,1.8179579850037768
46,140,8.238011333272588,80,1.1943131208396616,1.9623901062089426
47,140,4.8441739978716525,81,1.76,2.4770933924463328
46,141,9.495094854334901,79,0.9504507556580446,1.7335801387975378
47,133,8.973732201627929,117,1.0459757633830178,1.8421225566958015
44,140,8.92446627632763,80,1.2957780635115885,1.8845153028422212
47,140,4.5,80,1.5074601983335136,2.333692179065475
48,133,9.769013528587493,82,0.8888413782993247,1.8160990110441884
46,132,8.768254235909767,123,0.9860176279898779,2.18811798338333
45,141,8.98209088334739,80,1.1422553496227867,1.9114929609489766
43,146,9.4103213365257,60,1.1933813901509374,1.8453579443403425
46,140,8.911784476588757,80,1.2836557315794055,1.8342604796289028
43,147,9.120383644843809,58,1.221208464109291,1.767455286564296
45,140,9.020515203021818,80,1.2783977223002265,1.7864241432945964
46,141,11.69491538059048,80,1.2849610146938788,1.7739789586270693
43,146,9.1004620814556,59,1.1801376003717199,1.7207536769486738
46,146,9.270821126259847,59,1.2716673973817958,1.8506618922620568
44,140,9.582325268595774,81,1.242983585133785,1.7390088414532425
44,140,4.5,81,1.2784417318220975,1.9047028861910038
46,139,8.936063030657628,80,0.8242382941487512,2.6
44,140,9.264903969401667,80,0.9780067775676936,1.7858893497656592
45,146,9.353813454458779,60,1.2352969928008404,1.7406078040075044
44,141,9.885813048588453,81,1.0092000206867435,1.9327264033899227
45,140,4.5533073022599275,80,1.5702437353446754,2.490670670026942
45,141,9.047912581668562,81,0.9433602770883736,1.818137012572809
47,140,10.504201705194527,80,1.1689400702966546,1.829856509786557
44,140,9.251063328047417,81,1.4847210368711588,1.808878910675166
43,147,9.896885603269501,61,1.092551788362235,1.7927631159801862
45,147,9.246549615995134,59,1.1254136145352964,1.7990898594855096
46,134,9.44810615355813,116,0.932579947035456,1.8840450578814818
44,146,8.968985665887383,59,1.2317828542271054,1.7787822800989348
45,140,9.155618934721812,81,1.2190919406104228,2.026654013424022
46,140,9.611327048243371,80,1.304335723122656,1.8079463198802204
48,132,9.510819578679328,121,0.9666915392222084,2.3234267153320367
45,140,9.33452087142146,81,1.5054588105323714,2.4464646695591346
45,140,8.794309977134988,80,0.9094005283786278,1.933237900500621
46,140,9.862083316425746,80,0.8951542776222501,1.7974979828102233
43,146,8.698690865254582,61,1.1280737360884456,1.8086555017470065
44,140,8.993642521861549,80,1.2594305009908422,1.876806682511985
46,140,9.676184956520778,80,1.0642155113573262,1.800236657772286
44,147,8.117900098349473,61,1.3113318989685432,1.894050990363087
47,146,9.2439412050456,58,1.3291358306115961,1.8285150026643677
45,140,8.281935697535939,80,1.1496617969333731,1.897070420040326
43,146,9.157445931211155,61,1.230458317073429,1.836312170496429
44,140,4.857227973551423,80,1.3218485294154763,2.387656659302914
44,141,9.677669722607344,80,1.2132042912358534,1.8478592781621783
47,140,9.387815017881259,81,1.0482532758443277,1.7482686541584131
47,141,9.665504016860213,80,1.0829668030713797,1.8843964228953487
46,134,8.665836538075661,117,1.0016214330047895,1.8765196736582848
44,146,9.290053936055985,60,1.2093087624382721,1.7557530362748244
44,148,9.473457488730794,61,1.113356707099322,1.8496788459630338
44,146,9.115395918087751,59,1.2220077235448876,1.7614544781027581
45,147,9.142791658869905,60,1.1232635142307683,1.7192454318813626
43,147,8.856422485273772,58,1.1684782745718734,1.8022177786137477
48,131,8.801742813291932,121,1.128271463255088,2.2523883463040373
45,140,9.528651557412184,80,1.2353730994778447,1.900374964849866
45,140,8.997294131115714,80,1.6819154770586247,1.8891752193459366
47,140,9.883223240190333,82,0.8566870955854495,1.9207688342664928
44,146,8.89672293115917,58,1.1653322879755432,1.835064236454321
44,146,9.59682644696275,59,1.1729538641994361,1.7646066680212193
46,141,9.920549860137346,80,1.2756786063789158,1.7834137172673352
49,133,7.978979512300288,125,0.8301296897518606,2.142841806771259
46,140,5.90305898773744,81,1.246092527274533,2.358544676819533
44,145,9.6076420690044,61,1.3861683124401423,1.8460705277648801
44,146,9.278414338663074,61,1.2538886268619116,1.7650075571555766
46,140,4.5,80,1.674311037199466,2.590126081211234
43,147,9.672080216092654,59,1.2402264664399487,1.7452711880062401
48,140,9.819198153476862,81,1.0906937947365405,1.7889894451019064
44,147,9.723873342253194,80,1.12823182135587,1.8555770143410286
43,146,9.187024009395298,59,1.2745277118452119,1.8077928148615878
46,140,9.168719433857165,80,1.1034785203632729,1.821795273598945
44,146,9.176327945223816,61,1.2518050248921475,1.9160771550233293
45,140,8.768170173995754,81,1.0067173816912542,2.4340463009586135
45,146,8.90884375221607,59,1.4079766776087137,1.7260095279080578
44,140,8.795556721926923,80,1.2368986144564438,1.8557883596589742
44,145,9.379811305528385,61,1.173124597979526,1.7773579247987188
44,147,8.178633911960564,61,1.2475294769211647,1.7850852281580039
47,146,8.945404470213886,60,1.255611496189959,1.7887294602584478
46,145,9.47197270041761,60,1.2144395830152015,1.68
44,140,9.127376925611728,80,1.2028539160456664,1.8233066570491576
44,146,8.720982627759916,60,1.2715042926752653,1.7995123152392793
44,147,8.952620063005565,59,1.2802615902568473,1.7771383396526497
44,147,9.208437629379132,58,1.2665596046324636,1.8096741618794265
45,147,9.176192996049622,59,1.093864341968534,1.7870486829066663
48,140,9.304178106371024,81,1.4506306246057428,2.5137633300671482
47,147,9.286956644365945,61,1.3112503812065848,2.305936390746782
45,146,9.316656668989513,62,0.9530667840233743,1.846010042193731
45,134,9.946778002889761,116,0.9424368134106319,1.8444433589319265
45,134,8.987387112802324,121,1.063078549403706,1.8451365960961996
45,140,9.09348979547787,79,1.2296919401594057,1.8325056165690672
46,139,8.77031871169903,80,1.390760222014234,1.8670867523224703
46,140,9.3764553357319,81,1.2988043770576272,1.8025102271740485
43,146,9.152970729123036,57,1.3516247249670892,1.8624312101721399
45,140,9.352290803466488,80,1.2847433292841919,1.7657813253601722
47,140,10.658350126347983,80,0.9629832077271698,1.7623038175531964
43,140,9.008658490242427,59,1.256367409502149,1.7966806970631273
47,140,9.270820006622147,80,0.9785783292370861,1.8488030417688874
45,141,10.059104602008926,80,1.1424565937935154,1.751603007672434
46,147,9.876631269768724,60,1.2083819065204267,1.8175059246618852
46,146,9.074585052341513,59,1.241170713084174,1.846398246016027
45,145,8.988410773564313,59,1.3028453516142835,1.8095705038183472
44,146,9.558174600567165,58,1.1924446932807615,1.843992469612251
47,140,9.664622828864898,80,1.1615548852624744,1.8218224886627845
48,133,9.664835314720676,122,1.0666415844652926,1.8532984724829673
47,146,9.738585500549274,60,1.2372541308063205,1.7699005155182843
45,133,9.253947543186467,81,1.1822267271457314,1.7876932771707745
47,132,9.714655974002346,122,0.9744213072642671,1.7911241269159726
45,146,9.187668885538322,60,1.2829737600034468,1.8330033554059564
44,141,9.964389200147272,80,0.9977373203352303,1.8023016876182214
44,145,8.855087951131267,59,1.169273481386727,1.7255838620937747
44,140,9.212938210841914,80,1.2062267702541976,1.85966440317471
46,140,9.195710264590593,81,1.0497556818509175,2.341877563879057
47,141,11.447399145912708,80,1.2405726440910516,1.7611415250535623
46,140,8.714214274804828,81,1.342058546048531,1.8055306785198668
44,146,9.092703288397313,61,1.2095793503042893,1.7750397665900866
48,132,8.702176920103602,122,0.9510464260520178,2.3111525035487674
43,146,9.241201949507333,59,1.1102092793292424,1.68
44,147,9.586150112808745,59,1.3034464166594915,1.8495300231938328
44,145,8.71577172705071,59,1.2939677817437074,1.807556995465591
43,146,8.828737853607807,60,1.2216167416272785,1.7667520525957974
43,147,8.939386277584648,57,1.1538930301323744,1.7731746418230558
45,146,9.244963986003624,59,1.2151390319268744,1.7761915820286769
44,146,8.456650367426118,61,1.2120063766850822,1.8316244122536551
43,140,4.611507096661541,80,1.359515051244666,2.4263546457283347
44,146,9.367002160971902,59,1.304264142148491,1.7630663249631153
45,141,9.55879497843292,81,1.2173528041538149,1.7319772533726812
44,146,8.84182282900414,62,1.3058948441550222,1.8322103138469017
46,140,4.5,79,1.255913036356339,2.37326764054531
45,146,8.845517358827552,60,1.3257793039619776,1.7714734751842072
45,145,9.63998545970426,60,1.2106558914744325,1.715585037127771
45,140,4.606290686857627,80,1.2860053809229262,2.4269966859266003
47,140,10.799441950455487,80,1.1268485930903835,1.797413252425472
47,145,9.329154934973552,61,1.208223430157951,1.7977315092670252
47,132,8.666508145259606,122,0.9787666846638391,2.2583008494339016
47,146,9.318042173663557,61,1.2867008181590065,2.3102774052090407
44,140,9.492450789337559,81,1.149229198059143,1.7975900877669921
44,146,9.60105261518787,61,1.2126572742931483,1.7363292705130364
47,145,9.148906203524453,60,1.3132812946034949,1.780909006451432
47,132,9.018166738353594,119,0.9670780497132572,1.830876743464617
43,146,9.053865763182483,60,1.2689538553859296,1.715699472462454
46,140,9.30264893208561,81,1.508853668859356,2.2945349814991127
47,140,10.796807702410385,81,1.0913858478405056,1.8530155808634152
44,146,8.72650648352819,60,1.1866675453752569,1.7478450918947845
43,146,8.58615462675837,61,1.2355262107940614,1.7990870056197406
45,141,9.866497407628923,60,1.31503797843994,1.8190805726491803
46,147,10.219183746354453,59,1.1313870618450503,1.7605975482026497
44,147,8.943711104064946,62,1.0219915744184331,1.7280007646568432
47,132,9.073099386835,116,0.9631334043075559,1.9055640175444257
44,140,4.885374967645562,80,1.7475456071785977,2.37816886138869
48,132,9.886990144467962,125,0.8,2.2405416188223413
44,147,8.931512241876272,57,1.1372624049305076,1.809049722925461
44,140,9.485173245149062,81,1.5137694523781393,1.947420592778743
47,140,5.148887381186122,81,1.5586870708202483,2.503381368773531
45,146,9.270547212831417,60,1.2845729063376334,1.8127307592421553
45,139,4.5,79,1.6106805793525605,2.6
47,140,9.290220244766576,81,1.249216366054992,1.850730834113575
45,139,8.39780426278287,80,1.1160221289035879,1.884709909158245
45,145,8.863404048666837,61,1.007103726333176,1.822726929578258
44,148,8.865477698586396,58,1.125511592428934,1.793295438215792
44,147,9.255196457231275,59,1.2180017568916195,1.7137055832115085
43,146,8.759147425371385,60,1.3410737341703252,1.8126317686622457
43,147,9.753337796284518,60,1.1168238835333333,1.8475338050458434
44,140,9.340024668492145,80,1.0439283947934472,1.8643321354505717
46,141,10.040955172808644,80,1.1093626887230545,1.7831735317385398
47,146,9.667989429715854,60,1.3531291878025147,1.7223259381522544
44,146,8.720639803462943,62,1.2560036218901378,1.7438155616218658
45,141,8.830318782177931,80,1.3000849676983492,1.8138335323465231
46,147,9.855203150258186,60,1.3390584436456534,1.7957071837039278
45,140,8.556984297093273,80,0.9357793714745744,1.92537959634329
45,147,9.054180388509506,60,1.2266136622945423,1.7906526959911098
47,132,10.183253055945064,122,0.8872964541803525,1.870712169851968
46,146,9.369959472254903,60,1.1696328140359469,1.8757743823275759
45,141,9.809854141428238,81,1.2980752546235996,1.863773718838228
44,146,9.120532322990888,60,1.2382691203838188,1.8368053515892746
44,140,5.072816147044431,81,1.5761273677630314,2.4188226747576813
44,146,8.948787616337514,60,1.5917503964302089,1.8081414944405245
47,140,9.145959543411038,81,1.0305837673681293,1.9116532971387379
43,146,8.489242235791437,59,1.2297607738251122,1.7772196033856236
47,146,9.046830812477086,60,1.2536357582553486,1.7933716770595116
45,147,9.538075505671781,59,1.2111550037161547,1.8292683988596041
44,146,8.963673304214465,59,1.2050788833259796,1.798362550483861
45,140,9.838627419771544,81,0.8,1.845360605033511
46,140,10.503902250350524,81,1.2463711629589453,1.8661114266504863
46,139,4.903384958244675,81,1.7148061681492401,2.2359338880343826
43,146,9.250507206764347,59,1.2128406856659,1.7625815638363975
45,140,5.4484095842082265,80,1.76,2.4461997919037923
46,141,9.507044890782264,81,1.6291209919851568,1.8996565982653404
43,148,9.347019416002757,56,1.312476096630563,1.8064219105245645
45,140,9.547376406313157,80,1.0348010561090544,1.958153381538385
44,134,9.34189962226248,59,1.1972698570368412,1.8806944412556357
47,141,10.782985261151891,80,1.0315114898960946,1.8464577816555026
44,140,8.94979686506008,80,1.1026458183118895,1.8176716554772623
45,145,9.208367262141664,60,1.263245902219961,1.7927093205513596
46,140,5.141171208443033,80,1.4310368385418903,2.468025394011629
47,140,9.917633725518966,80,1.317101689306304,1.8047320804129814
44,148,9.513598481974272,57,1.1082138660584073,1.7564594763082373
44,146,9.758240431212663,60,1.1987954056607826,1.6838249346029748
46,140,9.163025612787374,80,1.301193984059011,1.8130910435872916
43,146,9.127365893069825,61,1.1592151144748164,1.7480725978640856
48,132,9.49514239417381,119,0.8,2.3796034098935954
46,140,9.564093768510302,81,1.064536128564542,1.8243789820697298
45,141,9.504076350242437,80,1.0418427064671691,1.8716704827626875
47,140,9.05301880319608,80,1.267742282531991,1.879958110607513
47,133,10.082356533743088,124,0.9167536594197097,1.7355186378727712
44,146,8.373320485647469,60,1.2406046877917065,1.7925786974050815
48,140,9.074445133513397,80,1.1049898224727446,2.3300297015120273
44,148,8.908765589811136,57,1.1155686284854778,1.8462377488688257
43,145,8.8267977081493,60,1.192734120822673,1.7453898628984312
48,139,4.5,79,1.335665694274798,2.560994816497522
43,146,9.550019146898453,60,1.175627665923811,1.793547164977061
48,133,9.12579906810367,121,0.9946371235525151,2.4078660809117465
45,146,9.577220347946778,61,1.1518359547780919,1.7556834984662817
47,147,10.053752242685762,59,1.2349006639569393,1.788450608150215
48,140,9.399965696253174,80,1.2738738583104878,1.8225469725361612
44,146,9.581848112740762,59,1.3137056197299177,1.7739238501917813
46,147,9.608481597267044,60,1.3294856336983698,1.8863233653563418
46,146,9.464605075255266,60,1.3582040935767912,1.8274978840621696
47,145,9.464887775598722,61,1.2089059445159867,2.29005585633481
46,140,4.5,81,1.3047428288742284,2.2999722934123015
47,139,5.17814796047808,81,1.76,2.386844237656394
44,140,9.249299152710597,80,1.5126743018046327,1.892144398586175
44,146,8.852924947765949,60,1.306312127804935,1.7913330424683123
46,140,8.763557350031306,81,1.2383752523331273,1.845756921262433
47,141,9.974745508973045,80,1.209281683164857,1.7769691163199153
44,140,8.996442160469364,81,1.2225993382861566,1.8406318267163055
48,133,8.67965387359376,122,0.8,2.2388780633386394
44,147,9.36058975207234,61,1.0195646674743386,1.9472150271598676
47,140,9.39318263453925,80,1.307008710217326,1.8524786784735943
45,145,8.695339821904845,60,1.418131671087996,1.8482422351789283
44,148,8.974448343972124,56,1.1593296587464188,1.7136515596928092
44,146,8.875933712924118,59,1.215742854800797,1.7782629238746768
45,140,9.73424326326473,80,1.1767466250708103,1.8339226948758687
47,133,9.883169742919614,120,0.8400808042875583,2.2787496152266957
45,140,8.48800623909671,80,1.1421870335564765,1.9204155636520335
45,140,9.124247477731641,81,1.1716557693085181,1.8591234988925176
48,146,9.443005448963735,61,1.209633644305453,2.4227294891234856
46,145,9.134939794166927,60,1.297880128675923,1.7173525571817674
44,146,8.972189525899925,60,1.313397740498092,1.8147673260568722
43,146,9.137338572978768,60,1.2793461787854234,1.7399539927636103
45,146,8.98670778980144,61,1.0641968109291766,1.9219102607360439
45,141,8.927193964189202,81,1.200398104212542,1.924454773009421
45,145,9.17317436475216,59,1.127971885552752,1.866263224452071
46,140,4.988097371537113,79,1.3665618884534627,2.4887181214026186
44,140,4.5,81,1.559318301800999,2.416466360494454
45,146,9.18333417845328,59,1.274670716144926,1.7978918440913598
43,146,8.922745376320712,60,1.2722494727124654,1.814055499645657
46,147,8.676609850438883,60,1.1703382775126,1.7335514034201172
44,146,9.233429874499894,60,1.2828698634248248,1.8127126162447396
45,141,10.526775344869279,80,1.1375629568683587,1.8862482115494819
46,140,10.024891649428247,80,1.214872790313842,1.729933088344101
47,146,9.664816345173964,59,1.2653560236043713,1.776973175043683
44,146,9.442181656584182,58,0.9280691887114216,1.855180798256223
45,140,9.179255886000714,80,0.8,1.9079004183507653
44,147,9.754052643799065,59,1.1402285264453813,1.7547965090960036
45,146,9.555477233069075,60,1.2083582645791884,1.7286289755036774
43,146,9.505411731518345,60,1.3149746448389539,1.8263833197828063
44,140,9.073102842273054,80,1.2793824774367795,1.8370733975447788
45,140,8.985922960649887,80,1.3344662804077951,1.8527503874121272
46,140,9.911420577218845,80,1.2208186176612492,1.753174696970512
44,146,9.0799786669004,61,1.1864280116802106,1.7687843462377297
44,146,8.823891393629857,59,1.169097206492372,1.8486578374530762
44,140,9.312786072381519,81,1.0343509592423983,1.8876013114231274
47,139,5.01827342514933,81,1.6190282522709067,2.2888451511754684
46,140,9.684913941053122,80,1.3078042532738434,1.7551138339921244
45,132,9.652054576090283,80,0.9955719074878797,1.7979519609058543
47,139,4.5,80,1.3801344316407156,2.429650851861445
47,139,4.5,79,1.3657127096764632,2.3702542553416626
48,146,9.797029054590991,61,1.1932084593958574,1.736653889849731
44,146,8.963799378184664,59,1.1733394392337635,1.7905272233043925
47,140,9.92264373318622,80,0.8588537602789131,1.7800059236073942
46,146,9.096659770386225,60,1.101544008506834,1.8138137779771029
45,140,9.874659723150153,80,1.2067965790557624,1.8286544943465182
45,140,9.093455740819888,80,1.568853643921894,1.947246891355426
45,145,9.461858153868546,60,1.2699964673898947,1.7319232723096152
46,146,9.274003429869417,58,1.177955677506053,1.8080590588336463
47,132,10.162220264067763,122,0.9457218352503884,1.8647439527195504
47,132,10.11161535823571,125,0.8109176070913767,2.573577349470661
45,135,9.478126234478149,81,1.1348496404427293,1.7797721880479724
46,140,5.5529311407471855,80,1.3824238901768537,2.419912674044691
44,141,9.825125829332118,81,1.244955023418067,1.796992059380731
47,131,9.079662049316013,124,0.9597022249181447,2.4823788334258445
45,140,9.47434469855714,80,1.1845581971180181,1.8653408000722378
46,146,9.051757962157277,59,1.1557878672110118,1.759427577824223
44,147,9.271984932184607,58,1.3196973998897552,1.7673723120071185
46,134,9.696253800050089,117,0.9952473846138912,1.8327398376575674
47,139,4.5,81,1.34336190282735,2.45346353018046
43,145,9.476307124692953,59,1.235484482049729,1.822685076162701
46,141,9.395417517171094,79,0.9291536521724616,1.8299927974576997
44,145,8.937405732555206,58,1.3144460398089903,1.7561803898971708
47,141,5.27949863109207,81,1.2761478013747072,1.861579097269769
44,146,8.750297893473759,60,1.1746324985134828,1.8088057742930521
47,145,8.888361372064807,59,1.2137195335020547,2.416695921146074
43,147,9.021843117767594,57,1.186268289128728,1.8700890445402323
45,132,8.33727265790885,122,0.999451465535747,2.3492151272014272
46,134,9.819976384529566,116,1.0606879446866064,1.8085761900410875
45,140,9.245629294473174,80,1.5339207553708754,1.8305461328329726
44,146,9.603390132842748,59,1.2420651081406882,1.7840806596240657
47,146,9.620564812746258,60,0.9562826626279949,1.8400556071340501
47,132,9.929592818254095,122,0.8,2.0665768759154104
47,133,9.623152601270307,59,1.0127269795467866,1.868219309865936
47,145,9.66592953629286,60,1.3498020321615019,1.7982538347788755
44,146,9.323995269094727,60,1.2590296466969435,1.7551466931940674
44,141,10.13526502379071,79,1.0327934526296925,1.8161530059196822
47,146,9.617660048079333,60,1.2948414685122853,1.747916810528314
44,147,9.358028582985138,60,1.1865168646353377,1.781857732717377
45,140,9.0435847424356,80,1.0143880353180674,1.8810524952374783
48,140,11.610472307903827,79,1.2077571922053407,1.8448825440613612
44,147,8.74188279535583,60,1.2351826837354212,1.7553682644608466
45,146,9.662353699385577,60,1.231702847220791,1.7445592507010226
43,140,9.163761281278829,80,1.5735914822999026,1.9074917757066832
43,146,9.285262456066471,60,1.2518270308293795,1.756620634439135
45,146,9.130812342019164,60,1.5293291437690026,2.361045687194563
48,132,10.03375305546958,123,0.8,2.2490282731154387
44,147,8.56058403726496,60,1.224594199741364,1.780837064479403
46,135,10.269944209992577,114,0.8194444136367178,1.865251631061522
46,146,9.178434576447495,61,1.4321167231856218,1.8164590118108237
44,146,9.128530643024648,59,1.264990290436563,1.7424444561697867
46,132,9.449025384380903,122,0.9395999027577275,2.3145079041647443
47,141,10.08790299217273,80,1.0302788843194024,1.8633642554523702
45,141,9.898678433016062,81,1.1787587825879122,1.8057766749543134
44,147,9.248136881038265,57,0.9544140813504729,1.8210118704993812
47,140,8.739365004711372,79,1.0994437232634509,1.770008207866464
46,140,9.506096167113983,80,0.9178477906125039,1.8169951738802912
47,146,9.068346898812653,59,1.1650254805261082,1.7552657698431957
47,133,8.925598640734556,121,0.9792226335676344,1.780358016188594
46,141,9.623164715276568,80,1.280816455256606,1.8265696913145628
45,139,4.872152036602337,80,1.76,2.568462144549845
44,140,9.173492630373639,81,1.4215555662968469,1.8461608599156143
45,140,5.265598985856803,79,1.548453339520662,2.4659883201452364
46,139,4.5,79,1.76,2.471748548311816
46,131,9.325696271832422,122,0.8,2.3063065118170374
44,146,9.71481095803205,59,1.1180756567701664,1.8161513603508659
44,147,9.79904049692799,58,1.1193377258215496,1.7260721709583275
45,145,8.795442266823542,59,1.3089092618223996,1.864701017404405
47,145,9.394882408788147,123,0.9299185783198006,2.3159951788218063
47,140,4.5,79,1.3472989339275294,2.424507813187802
44,140,4.513517731668176,80,1.579563712957764,2.4229377310675764
46,140,4.762552126071442,80,1.7015716542895845,2.3705372976308086
45,147,9.379992497665496,60,1.298189886086078,1.736671808929182
46,146,9.101392816051419,60,1.2068642166556574,1.743913736039564
43,146,8.817218432382495,60,0.9999873225166721,1.7786021258275835
45,146,9.381619477566957,60,1.2929524008861637,1.7263273436126467
47,140,8.568346039938222,80,1.3419540883932934,1.950569715139543
45,139,4.568360966906098,79,1.6764504405790048,2.5892474380847204
44,140,5.2511718658461515,81,1.0618050276025162,1.8682221282927367
44,140,10.817844181729427,80,1.1010140218444437,1.8193826763720498
44,140,8.613880063112271,61,1.5642136491024865,2.4536684883066395
47,140,9.289026540430743,80,1.3087513469173022,1.7701924694000943
43,146,8.996382021335917,59,1.234487363586444,1.69139023997203
45,146,9.208467724570434,59,1.2692444270482925,1.8109743396599514
45,140,9.580529127005061,80,1.4543793521129147,2.447252561517135
47,139,4.977772051573952,80,1.76,2.5207012748655475
45,140,9.302069972686244,79,1.0586336202502322,1.8450763846767573
43,146,8.893192644779793,59,1.2997609403318475,1.8339542373123388
45,146,9.194486633686253,60,1.3226878256446877,1.7757062671673485
47,140,9.40707634284584,81,1.104264487907324,1.7652946990945173
44,147,9.900412925877719,59,1.1860715483994126,1.7669013811419214
47,139,4.5,80,1.6213008213684406,2.428642517053859
43,140,9.343557978709521,81,1.3251291378185606,1.9999084663924007
47,140,9.221205520852648,81,1.0789024607455655,1.937558184425174
45,146,9.460129703565272,62,1.3204980425989294,1.8737365717309977
46,146,9.196503962268334,61,1.2698228103388007,1.8206477603451225
43,146,8.536392952851052,60,1.140990258388506,1.8022456777824138
45,140,9.20560216064007,81,1.3271818849566022,1.82530355150596
44,146,8.896304696515266,60,1.0126769153485298,1.838215011052131
45,146,8.752461758566179,60,1.3188963042294262,1.8652659418094344
45,146,9.169631085356041,61,1.266244647172801,1.8526354074792155
45,140,4.5,81,1.2521872213287366,2.6
46,146,9.335933174420871,60,1.2417448307231709,1.878594679582438
46,147,8.694099487792778,111,1.006063449526407,1.8076463695529905
45,140,9.998500630277332,80,0.8123998876817022,1.8063058815511388
45,140,8.846330077395617,82,0.9713100244990098,2.431626503910194
45,140,10.03703839889325,80,1.2855705186833206,1.8048875719460904
44,147,8.899153702489377,59,1.224400232029824,1.8031422418583896
44,146,8.847270983345275,60,1.1937273455037827,1.694695461311097
44,146,8.943558746150593,58,1.2121045426124522,1.8574351881569737
44,146,8.83292285773435,58,1.2857502426433438,1.867966405526398
46,145,8.674371468596522,61,1.2696809012785473,1.7204598794918755
43,146,8.681299774810016,60,1.2268160260705836,1.7334460730490755
45,146,9.402142023818664,61,1.1488905405525327,1.8008280721366627
46,146,9.659051921514049,58,1.2027986421168162,1.8339261633553747
44,145,8.618770259133601,58,1.2851664563350227,1.7985567887565541
44,146,9.329530074581799,59,1.2343393884402123,1.80196840820662
45,141,9.837432300595628,80,1.1044694014413405,1.9365063434414362
44,131,9.227538680955313,61,0.8,1.9213011537909854
46,145,8.775729314537008,61,1.2270082528609123,1.756062712410139
45,141,9.682286308447194,80,1.2201688476433525,1.8100224527311124
47,146,9.107158468843314,60,0.966644543101813,1.8402225498128881
47,140,10.035134208711597,80,0.9665294866685868,1.9017263322952762
45,140,10.693431058596627,80,1.1394572083057852,1.759694036211851
43,146,9.227912325676616,60,1.2354112140084874,1.8165482367332209
47,133,9.483491973508535,119,1.0213238925606996,2.490663597079709
47,139,9.268618740415294,81,1.1021059773204485,2.2577552331649837
44,146,8.33665101335622,60,1.2502669664865005,1.780491609608922
44,133,9.355222561409214,119,0.9940708947133383,1.7926548089963814
43,146,9.03031283192856,59,1.3493387265140888,1.7604059600254178
43,147,9.179843571445996,59,1.1389251284776356,1.8278350386878237
44,146,9.315034399149374,61,1.2356416254761018,1.7603844918501852
46,145,10.135787852390871,60,1.0311841302811613,1.7888745794412895
46,140,9.090886238415214,80,1.2406202676158036,1.757210878268209
48,140,8.969069177363727,119,1.0489380576390084,2.3591457579844515
46,139,4.520449299452,80,1.698878040059965,2.485992887116659
45,145,9.524939996633947,61,1.2934102517825257,1.832214195375571
46,140,5.488582479769449,80,1.601922954356206,2.426907411244751
45,141,9.452700611675343,81,1.2467281590730495,1.848923846203057
48,132,9.304971956445598,119,0.8141473843514201,2.314019503216734
44,146,9.164158085203937,59,1.2183581326325807,1.7312423913305168
45,146,9.186139158894793,61,1.252587640517359,1.7706215560391971
47,140,5.229451952191985,80,1.5930455850079825,2.536157666704858
48,132,8.505063017074221,123,0.9914804853805524,2.3517282331351743
47,140,10.458267120912298,80,1.1386245820940801,1.7604558427628827
46,146,9.371296278654766,59,1.297394797230745,1.765997030697087
45,139,4.781733170975274,80,1.2832525467529126,1.8130038404824398
47,141,10.961732056418702,80,1.1530522862302353,1.8187622346999068
44,146,8.779154220174261,81,1.1053798892794835,1.805150570726501
45,140,9.851269646719455,79,1.1838233191084737,1.8262612945527235
44,140,9.882566188395005,81,1.1117114486474522,1.8436274265075057
46,140,11.380052844586816,81,1.1220542226230972,1.7882632955235631
47,140,11.23296526479484,81,0.9351492227182129,1.8045081705254564
45,140,9.596985564288447,81,1.3056789530512443,1.789489265794206
45,146,9.292686505091053,60,1.2398010055313482,1.8447796220977766
44,141,9.466349679235858,80,0.9589422928650074,1.790000358773632
48,140,9.072888912530127,80,1.2086140048611012,1.8623330336824975
47,134,9.62746543057803,113,1.009804401896632,1.8788394303719573
45,140,8.961154347294613,80,1.2658721287817656,1.8649319753593963
44,141,10.20426780574564,81,1.2086707752379493,1.8156565467297245
43,146,8.772154920768216,60,1.1495579279310386,1.7856283161641835
45,141,8.988218737210971,81,1.4873758100166237,1.813171565813728
43,145,8.749867851752667,58,1.2215285879067013,1.8147249547084543
45,146,9.18011292571493,60,1.1676661635749763,1.7757941032845015
46,147,9.238424886646564,60,1.067009542607223,1.8227263623778323
44,146,9.12140116850042,61,1.256338902080699,1.7951798139430717
46,147,9.073701132699028,60,1.0532581747997332,1.8322502332426391
48,133,9.594193286583328,119,1.0113829882417864,2.3937281848510445
43,140,8.92566624848809,81,1.2809830542714693,1.8529781318872243
44,147,9.211624127176508,60,1.186522667168355,1.8160506313734976
47,140,8.917426918134973,82,0.9507193770162432,1.9141997479300372
43,147,8.67785828076771,55,1.0838368351364773,1.7888376963610149
45,146,9.775412802459673,59,1.1396078813616377,1.7175998356537803
44,140,9.059194092972742,79,1.1930046829608052,1.882025367111039
46,146,9.109906186825349,63,1.1349549763952023,1.7607095712394885
47,133,9.403053629257938,124,0.9787211408398774,2.171013773144593
47,133,10.377423539703852,119,0.8916792848702996,1.8887769398636394
44,146,9.582643650158872,60,1.314273933479468,1.8125212932758512
46,146,10.020353990895382,61,1.3047245838974528,1.7966567329261356
47,140,9.596725181896097,116,0.8707674919505317,1.9614592504021873
44,147,8.963269727198512,60,1.1567864523417768,1.8429027628916943
47,139,4.5,80,1.3135022721124534,2.484093504742337
47,140,12.0,80,1.0386710144761455,1.7364865022490223
47,135,9.360005883028725,117,1.0033690407141778,1.8183870830284046
43,140,4.735395125549977,80,1.6455628121568702,2.474625045086263
45,140,8.538134348909328,80,1.2582324118904202,1.9082236029039652
44,141,9.831237465727567,81,1.0381770075829837,1.9005308335491669
44,146,9.249384729438427,61,1.2094261566744469,1.8095614506561981
44,141,9.445168369820784,81,1.1332049172507033,1.853658570034884
46,147,8.881716386804353,80,1.1506265689658455,1.8251247360912033
47,131,9.502094929625391,125,0.9615800035660763,2.280329916832832
43,146,9.319734777743193,60,1.231822937823606,1.828018533382605
43,146,8.973400761822058,60,1.3155257629351622,1.801882370047388
44,147,9.33834505283117,59,1.1279473554457635,1.8150898226895211
45,140,4.5,79,1.3277918287995314,2.5246711415160967
44,140,8.733014551314,80,1.2463944409119498,1.894101360613588
47,141,5.425871896905037,80,1.3424730169089854,1.88311530386189
44,146,9.31742907885259,60,1.1300926903052613,1.793627728364338
47,145,9.266036510210501,61,1.2462577334673117,1.8250945333809088
46,140,11.180080448747013,80,1.1839083148402991,1.7753412084066915
44,146,9.3759018042847,59,1.2720973146820913,1.8422624436803845
44,140,9.568344774927237,80,1.1888393039192349,1.8203866067951575
44,145,4.5,60,1.3826377271288903,2.5241842716244802
48,140,4.849531471930713,81,1.113875575691846,2.4605319794161535
46,134,9.515586784880758,119,1.0751113583309746,1.8836509814305147
48,140,9.386249599325929,81,1.0393146530501103,1.9132965002511189
44,147,8.936113970107032,58,1.1509628232201095,1.796797760168736
43,147,8.566762625095073,58,1.2848502678564884,1.7373866811306542
43,141,9.36874828746472,80,1.3261778998114557,1.871056628983852
45,146,8.756614024113546,61,1.2596558616565667,1.8064939859906213
45,133,9.206515159225852,115,0.8426471517430403,2.0255252360125775
46,145,9.632054610421386,62,0.8062417977749954,1.7607120686395223
44,141,9.270938814517462,81,1.2495366265038506,1.8223154889847228
44,146,9.016496905893264,60,1.1773369704483403,1.7274592560902335
47,132,9.795083692026404,119,0.9212133735521811,2.2604712325893836
44,141,9.349050142765444,80,1.14792225722303,1.7749566240737427
43,145,8.590671217448373,60,1.2448294294016742,1.7604299784735242
47,134,10.030431630227302,117,0.8418868145685132,1.814263047124751
47,140,9.788547554755617,80,1.1624361398809995,2.4555994800219887
44,146,10.011437996539904,62,1.2244401669296014,1.9163040695135198
44,140,9.308598244930735,80,1.16335093511997,1.8015237051324706
47,133,9.291548696426496,115,1.1043120388040935,2.0070604748384318
45,146,9.020576838914044,61,1.2322497810624902,1.8454149091199907
44,146,8.780616473506583,60,1.2636587492640015,1.780028390273384
47,140,10.553479722644193,80,1.2619759261025316,1.7489047698613287
46,141,9.93064172730898,81,1.1662244883803219,1.8356897728493582
45,147,9.005003478352105,60,1.1781649907647853,1.8239186502848794
48,139,4.5,80,1.09837975818379,2.3628872583069973
45,140,8.69352410554389,79,1.0068391946588857,1.8914452571204758
45,140,4.5,80,1.7076709158413443,2.3690250084787303
47,147,9.141335267229417,59,1.1199866136688756,1.7534684117323047
45,140,9.82096717781811,80,1.1571921723819103,1.8952037785517144
46,139,4.5,80,1.3672834948768777,2.528641434361191
43,140,9.378845620560833,80,1.0223220109091575,1.881378301137987
48,145,9.647584661747883,61,1.0291449061017626,2.262497307851076
44,146,8.879964034746592,60,1.1916167362556302,1.782275705619224
45,140,9.090465364796868,81,1.5968419299701968,1.8792090073099859
44,146,9.424021197834984,60,1.246193496451524,1.8716920922503586
47,146,9.265788230725368,59,1.346438024408285,1.8036715437618738
44,146,9.121511596658278,60,1.196376381875321,1.737933776449992
46,134,9.831675128958077,115,0.9607320420355149,1.8524691024552045
48,131,9.52252313433997,121,1.1445063252217456,2.239748946842098
48,140,4.5,81,1.76,2.5636547954891937
43,146,8.057687372647901,59,1.2865210043846163,1.807008296624127
48,133,10.007361966837774,120,0.8957091017263636,1.9291345105532554
44,146,9.204845890246744,59,1.2154587411977753,1.68
44,146,9.69902875968454,61,1.281982758451444,1.7289967440517806
45,140,5.006558761675354,80,1.6965365542136481,2.403890080445675
46,141,10.257210196725696,80,1.142576468040093,1.7857602730987356
44,140,4.5,81,1.76,2.5120335751314826
46,132,7.934248940945251,122,0.923301221944451,2.5495315558700193
45,146,9.22380776245768,60,1.2673963280726186,1.8550483927685992
46,147,9.566266641144473,58,1.1058393611169433,1.81779792751108
44,141,10.03842365341923,80,1.1473211750387764,1.8220579070146468
46,146,8.649354407407904,59,1.2180550704379645,1.7790464603826552
47,145,8.694637018276058,62,1.0917035843836596,1.8768645788730158
44,141,9.565470927334946,80,1.232794339322129,1.8256474198687045
44,147,9.187657889435505,59,1.1341163668440182,1.68
47,134,10.15842217300363,116,1.0197058229041427,1.8630978670424534
45,140,9.248168293637251,80,1.2056596713357064,1.7880400900810982
45,147,8.937256885596081,60,1.0372140232905773,1.85312853306329
48,132,9.59566172103644,117,0.8450742408480065,1.8461193000304097
46,140,8.819096142334113,80,1.2911712564840085,1.8205592308061975
45,140,4.5,80,1.76,2.517129735879953
44,146,8.874721541451418,61,1.223191666461787,1.808200841027826
45,147,9.293295758376749,59,1.1943726505957453,1.8027146080596546
45,147,8.869401308398709,59,1.2777449990987237,1.7411448801122758
45,140,9.206757338698445,80,1.2902982554231657,1.8147670081324776
45,139,5.356757261592814,80,1.686776211339185,2.315827094815305
44,146,9.157924646359243,60,1.2766955970711362,1.853566187880281
45,146,8.95732744165357,60,1.3237531473409028,1.8292029818222546
44,146,9.266863441153838,60,1.1688845435341202,1.8479399397960237
46,147,9.915206200514797,59,1.0861274363672364,1.7865232569422218
45,140,9.180925923237414,80,1.3571793704320583,1.946736943913623
47,141,12.0,80,1.2018253946280737,1.7697960480312735
45,140,8.91635899798389,81,1.1002342882559097,1.7903356070507792
47,145,9.526625201546297,61,1.240565936439887,1.8085859612352582
46,139,4.5,79,1.2612148941677903,2.49818408186889
47,140,12.0,81,1.12514032062235,1.8293042559749948
44,141,9.88913415427575,80,0.8,1.8661449520320748
48,140,9.229152206237957,80,1.2542671395366116,1.8445354599604524
46,146,9.756701918414022,61,1.1550605192111871,1.709737072172895
45,132,8.404594612836803,61,0.8939873211968771,1.7946332653586108
47,132,8.198923404823447,124,0.8143555084028745,1.8601106488321417
45,141,10.274158274695958,79,1.128931230987032,1.7490063678714325
47,140,9.48340035732696,81,1.0867166367814216,1.7411360716101323
46,140,10.429892348741486,79,1.2324570838928042,1.8427912453116106
45,139,4.934436832754021,81,1.6795406406864881,2.6
44,141,8.73813996622196,79,1.76,1.8876109665492202
43,146,8.560367295726419,58,1.1631310679979419,1.8597212069770306
45,140,9.530112959626319,80,1.2463446118268007,1.959024167702408
43,146,9.209008542358617,60,1.168819888262231,1.723729469105175
44,140,4.656003412302542,80,1.2704191893535117,2.431696231375798
45,140,8.080871193746537,80,1.3328822927216353,1.9495250376154594
48,132,9.12141519955327,116,1.030523821547747,1.8674960441431816
48,140,9.336993560258342,81,1.0078410727805793,1.8182922423386727
47,141,10.22514596866587,80,1.0786802388986976,1.7712216703578652
47,140,10.871529191546403,79,1.029469101856917,1.7519367012800986
45,140,4.5,80,1.3252622423791922,2.4665909154689025
45,147,9.464086465296146,59,1.2184896376161196,1.7395286774865584
46,140,4.633150065625529,80,1.6621547469469335,2.6
44,140,9.332930012369728,81,1.2549489635364468,1.7753921710436307
44,146,9.18233695601028,58,1.2693625746150912,1.7873324797274568
46,146,10.83169104201845,58,1.199045560507857,1.7884493206975098
46,145,8.668750679537723,60,1.2983842743385263,1.682180570990718
47,141,10.272805248777985,81,1.1600276126551015,1.8239135510422715
45,139,4.5,81,1.3729984519930207,2.3081923374556026
47,140,4.5,80,1.2012357366154685,2.5316315587983618
44,145,9.36769498010109,59,1.2153689034668276,1.7440332880320812
47,140,10.629699596930358,81,1.2078645212896788,1.8013749801726557
45,140,9.165697430813111,81,1.261911432899948,1.8374322789636457
46,140,10.454914309464158,80,1.2458303698891853,1.8450323742525383
44,146,9.436141460103551,59,1.2586619695753798,1.750122679827703
